Entity,Code,Year,%_Child_Undernourishment,%_Child_Wasting,%_Child_Stunting
Afghanistan,AFG,1997,44.900001525878906,18.200000762939453,53.20000076293945
Afghanistan,AFG,2004,32.900001525878906,8.600000381469727,59.29999923706055
Afghanistan,AFG,2013,24.600000381469727,9.5,40.400001525878906
Afghanistan,AFG,2018,19.100000381469727,5.099999904632568,38.20000076293945
Albania,ALB,1997,7.099999904632568,8.100000381469727,20.399999618530277
Albania,ALB,2000,17.0,12.199999809265137,39.20000076293945
Albania,ALB,2005,6.599999904632568,7.300000190734863,26.700000762939453
Albania,ALB,2009,6.300000190734863,9.600000381469728,23.200000762939453
Albania,ALB,2017,1.5,1.600000023841858,11.300000190734863
Algeria,DZA,1987,8.0,4.0,16.899999618530273
Algeria,DZA,1992,9.199999809265137,7.099999904632568,22.899999618530277
Algeria,DZA,1995,11.300000190734863,9.600000381469728,22.5
Algeria,DZA,2000,5.400000095367432,3.0999999046325684,23.600000381469727
Algeria,DZA,2002,11.100000381469728,9.600000381469728,24.0
Algeria,DZA,2006,3.400000095367432,4.099999904632568,15.399999618530272
Algeria,DZA,2012,3.0,4.099999904632568,11.699999809265137
Algeria,DZA,2019,2.700000047683716,2.700000047683716,9.800000190734863
Angola,AGO,1996,36.20000076293945,7.699999809265137,61.09999847412109
Angola,AGO,2007,15.600000381469728,8.199999809265137,29.200000762939453
Angola,AGO,2015,19.0,4.900000095367432,37.59999847412109
Argentina,ARG,1994,1.7000000476837158,1.600000023841858,7.099999904632568
Argentina,ARG,1996,4.699999809265137,4.199999809265137,16.899999618530273
Argentina,ARG,2005,2.299999952316284,1.2000000476837158,8.199999809265137
Argentina,ARG,2019,1.7000000476837158,1.600000023841858,7.900000095367432
Armenia,ARM,1998,2.700000047683716,3.299999952316284,15.100000381469728
Armenia,ARM,2000,2.5999999046325684,2.5,17.299999237060547
Armenia,ARM,2005,4.199999809265137,5.400000095367432,17.899999618530273
Armenia,ARM,2010,5.300000190734863,4.099999904632568,20.899999618530277
Armenia,ARM,2016,2.5999999046325684,4.400000095367432,9.399999618530272
Australia,AUS,1995,0.0,0.0,0.0
Australia,AUS,2007,0.2000000029802322,0.0,2.0
Azerbaijan,AZE,1996,8.800000190734863,3.799999952316284,28.0
Azerbaijan,AZE,2000,14.0,9.0,24.200000762939453
Azerbaijan,AZE,2001,5.900000095367432,3.200000047683716,18.0
Azerbaijan,AZE,2006,8.399999618530273,6.800000190734863,26.5
Azerbaijan,AZE,2011,6.5,6.599999904632568,16.399999618530273
Azerbaijan,AZE,2013,4.900000095367432,3.200000047683716,17.799999237060547
Bahrain,BHR,1989,6.300000190734863,6.800000190734863,13.899999618530272
Bahrain,BHR,1995,7.599999904632568,6.599999904632568,13.600000381469728
Bangladesh,BGD,1986,66.80000305175781,17.299999237060547,70.9000015258789
Bangladesh,BGD,1990,61.5,17.5,63.400001525878906
Bangladesh,BGD,1991,61.20000076293945,15.199999809265137,73.5999984741211
Bangladesh,BGD,1992,60.59999847412109,16.100000381469727,71.5
Bangladesh,BGD,1993,56.09999847412109,14.0,69.19999694824219
Bangladesh,BGD,1994,58.0,16.700000762939453,67.30000305175781
Bangladesh,BGD,1995,55.20000076293945,15.100000381469728,65.80000305175781
Bangladesh,BGD,1996,54.0,15.5,63.79999923706055
Bangladesh,BGD,1997,53.59999847412109,20.700000762939453,59.59999847412109
Bangladesh,BGD,1998,50.70000076293945,15.0,59.29999923706055
Bangladesh,BGD,1999,49.5,13.699999809265137,59.900001525878906
Bangladesh,BGD,2000,42.400001525878906,12.5,51.09999847412109
Bangladesh,BGD,2001,43.20000076293945,12.699999809265137,53.20000076293945
Bangladesh,BGD,2002,41.0,12.399999618530272,51.400001525878906
Bangladesh,BGD,2003,38.900001525878906,12.5,47.79999923706055
Bangladesh,BGD,2004,42.79999923706055,14.600000381469728,50.5
Bangladesh,BGD,2005,37.29999923706055,11.800000190734863,45.900001525878906
Bangladesh,BGD,2006,37.900001525878906,11.899999618530272,45.09999847412109
Bangladesh,BGD,2007,41.29999923706055,17.5,43.20000076293945
Bangladesh,BGD,2011,36.70000076293945,15.699999809265137,41.29999923706055
Bangladesh,BGD,2013,35.099998474121094,18.100000381469727,38.70000076293945
Bangladesh,BGD,2014,32.79999923706055,14.399999618530272,36.20000076293945
Bangladesh,BGD,2018,21.899999618530277,8.399999618530273,30.899999618530277
Bangladesh,BGD,2019,22.600000381469727,9.800000190734863,28.0
Barbados,BRB,2012,3.5,6.800000190734863,7.699999809265137
Belarus,BLR,2005,1.2999999523162842,2.200000047683716,4.5
Belgium,BEL,2014,1.0,0.4000000059604645,1.600000023841858
Belize,BLZ,1992,5.400000095367432,,
Belize,BLZ,2006,5.0,1.899999976158142,22.0
Belize,BLZ,2011,6.199999809265137,3.299999952316284,19.299999237060547
Belize,BLZ,2015,4.599999904632568,1.7999999523162842,15.0
Benin,BEN,1996,26.200000762939453,12.300000190734863,39.09999847412109
Benin,BEN,2001,19.5,9.0,36.20000076293945
Benin,BEN,2008,17.799999237060547,5.0,37.400001525878906
Benin,BEN,2014,18.0,4.5,34.0
Benin,BEN,2018,16.799999237060547,5.0,32.20000076293945
Bhutan,BTN,1987,34.0,5.199999809265137,60.900001525878906
Bhutan,BTN,1999,14.100000381469728,2.5,47.70000076293945
Bhutan,BTN,2008,10.399999618530272,4.5,34.900001525878906
Bhutan,BTN,2010,12.699999809265137,5.900000095367432,33.5
Bolivia,BOL,1988,9.800000190734863,,
Bolivia,BOL,1989,7.800000190734863,1.5,44.0
Bolivia,BOL,1990,9.699999809265137,,
Bolivia,BOL,1991,10.199999809265137,,
Bolivia,BOL,1992,10.5,,
Bolivia,BOL,1994,11.0,3.5999999046325684,37.09999847412109
Bolivia,BOL,1998,5.900000095367432,1.600000023841858,33.20000076293945
Bolivia,BOL,2003,5.800000190734863,1.7000000476837158,32.400001525878906
Bolivia,BOL,2008,4.5,1.399999976158142,27.100000381469727
Bolivia,BOL,2012,3.5999999046325684,1.5,18.200000762939453
Bolivia,BOL,2016,3.400000095367432,2.0,16.100000381469727
Bosnia and Herzegovina,BIH,2000,4.199999809265137,7.400000095367432,12.100000381469728
Bosnia and Herzegovina,BIH,2006,1.600000023841858,4.0,11.800000190734863
Bosnia and Herzegovina,BIH,2012,1.600000023841858,2.299999952316284,8.899999618530273
Botswana,BWA,1996,15.100000381469728,13.199999809265137,35.099998474121094
Botswana,BWA,2000,11.100000381469728,5.900000095367432,29.100000381469727
Botswana,BWA,2007,11.800000190734863,7.300000190734863,28.899999618530277
Brazil,BRA,1989,5.599999904632568,2.400000095367432,19.799999237060547
Brazil,BRA,1996,4.5,2.799999952316284,13.0
Brazil,BRA,2007,2.200000047683716,1.7999999523162842,7.0
Brunei,BRN,2009,9.600000381469728,2.900000095367432,19.700000762939453
Bulgaria,BGR,2004,1.600000023841858,3.200000047683716,8.800000190734863
Bulgaria,BGR,2007,3.700000047683716,4.699999809265137,9.199999809265137
Bulgaria,BGR,2014,1.899999976158142,6.300000190734863,7.0
Burkina Faso,BFA,1993,28.700000762939453,15.399999618530272,38.70000076293945
Burkina Faso,BFA,1999,30.899999618530277,15.5,41.400001525878906
Burkina Faso,BFA,2009,26.0,11.300000190734863,35.099998474121094
Burkina Faso,BFA,2010,26.200000762939453,15.5,34.70000076293945
Burkina Faso,BFA,2011,25.100000381469727,10.399999618530272,34.599998474121094
Burkina Faso,BFA,2012,24.299999237060547,10.699999809265137,32.79999923706055
Burkina Faso,BFA,2013,20.899999618530277,8.100000381469727,31.299999237060547
Burkina Faso,BFA,2014,20.0,8.5,29.0
Burkina Faso,BFA,2015,22.799999237060547,10.199999809265137,30.100000381469727
Burkina Faso,BFA,2016,18.899999618530277,7.5,26.799999237060547
Burkina Faso,BFA,2017,16.200000762939453,8.600000381469727,21.100000381469727
Burkina Faso,BFA,2018,17.700000762939453,8.399999618530273,24.899999618530277
Burkina Faso,BFA,2019,16.399999618530273,8.100000381469727,23.799999237060547
Burundi,BDI,1987,33.599998474121094,6.699999809265137,56.20000076293945
Burundi,BDI,2000,39.09999847412109,8.100000381469727,64.0
Burundi,BDI,2005,35.20000076293945,9.0,57.70000076293945
Burundi,BDI,2010,29.100000381469727,6.0,57.59999847412109
Burundi,BDI,2016,29.299999237060547,5.099999904632568,55.900001525878906
Burundi,BDI,2018,29.600000381469727,4.800000190734863,56.59999847412109
Burundi,BDI,2019,27.0,4.800000190734863,54.0
Cambodia,KHM,1996,42.59999847412109,13.399999618530272,58.59999847412109
Cambodia,KHM,2000,39.70000076293945,17.100000381469727,49.0
Cambodia,KHM,2005,28.299999237060547,8.5,42.79999923706055
Cambodia,KHM,2008,28.299999237060547,9.100000381469728,39.5
Cambodia,KHM,2010,28.899999618530277,11.0,39.79999923706055
Cambodia,KHM,2014,24.100000381469727,9.699999809265137,32.400001525878906
Cameroon,CMR,1991,12.899999618530272,4.5,31.600000381469727
Cameroon,CMR,1998,17.299999237060547,6.199999809265137,38.20000076293945
Cameroon,CMR,2004,15.100000381469728,6.199999809265137,35.599998474121094
Cameroon,CMR,2006,16.5,7.599999904632568,37.59999847412109
Cameroon,CMR,2011,15.199999809265137,5.699999809265137,32.599998474121094
Cameroon,CMR,2014,14.800000190734863,5.199999809265137,31.700000762939453
Cameroon,CMR,2018,11.0,4.300000190734863,28.899999618530277
Cape Verde,CPV,1985,13.699999809265137,4.199999809265137,26.799999237060547
Cape Verde,CPV,1994,11.800000190734863,6.900000095367432,21.399999618530277
Central African Republic,CAF,1994,24.0,8.699999809265137,41.5
Central African Republic,CAF,2000,21.299999237060547,10.399999618530272,44.400001525878906
Central African Republic,CAF,2006,26.100000381469727,12.100000381469728,43.59999847412109
Central African Republic,CAF,2010,23.5,7.400000095367432,40.70000076293945
Central African Republic,CAF,2012,24.5,7.400000095367432,39.70000076293945
Central African Republic,CAF,2014,20.0,6.199999809265137,38.0
Central African Republic,CAF,2018,19.700000762939453,6.5,37.5
Central African Republic,CAF,2019,20.5,5.199999809265137,40.20000076293945
Chad,TCD,1997,34.29999923706055,16.5,44.5
Chad,TCD,2000,29.200000762939453,13.899999618530272,38.900001525878906
Chad,TCD,2004,33.79999923706055,16.200000762939453,44.400001525878906
Chad,TCD,2010,30.299999237060547,16.299999237060547,38.70000076293945
Chad,TCD,2015,29.399999618530277,13.300000190734863,39.79999923706055
Chad,TCD,2017,24.299999237060547,13.5,32.099998474121094
Chad,TCD,2018,24.700000762939453,13.5,31.899999618530277
Chad,TCD,2019,29.200000762939453,13.899999618530272,37.79999923706055
Chile,CHL,1986,2.200000047683716,0.699999988079071,13.5
Chile,CHL,1994,0.800000011920929,0.5,4.199999809265137
Chile,CHL,1995,0.800000011920929,0.5,3.900000095367432
Chile,CHL,1996,0.699999988079071,0.5,3.700000047683716
Chile,CHL,1998,0.699999988079071,0.6000000238418579,3.299999952316284
Chile,CHL,1999,0.699999988079071,0.5,3.0999999046325684
Chile,CHL,2001,0.699999988079071,0.5,2.799999952316284
Chile,CHL,2002,0.699999988079071,0.5,2.5
Chile,CHL,2003,0.6000000238418579,0.5,2.5
Chile,CHL,2004,0.6000000238418579,0.5,2.400000095367432
Chile,CHL,2006,0.6000000238418579,0.5,2.200000047683716
Chile,CHL,2007,0.6000000238418579,0.3000000119209289,2.0999999046325684
Chile,CHL,2008,0.5,0.3000000119209289,2.0
Chile,CHL,2013,0.5,0.3000000119209289,1.7999999523162842
Chile,CHL,2014,0.5,0.3000000119209289,1.7999999523162842
China,CHN,1987,18.700000762939453,4.800000190734863,38.29999923706055
China,CHN,1990,12.600000381469728,4.199999809265137,32.29999923706055
China,CHN,1992,14.199999809265137,3.900000095367432,38.0
China,CHN,1995,10.699999809265137,5.0,31.200000762939453
China,CHN,1998,6.900000095367432,2.400000095367432,19.799999237060547
China,CHN,2000,7.400000095367432,2.5,17.799999237060547
China,CHN,2002,6.800000190734863,3.0,21.799999237060547
China,CHN,2005,4.5,2.900000095367432,11.699999809265137
China,CHN,2008,3.799999952316284,2.5999999046325684,9.800000190734863
China,CHN,2009,3.400000095367432,2.5999999046325684,9.0
China,CHN,2010,3.400000095367432,2.299999952316284,9.399999618530272
China,CHN,2013,2.400000095367432,1.899999976158142,8.100000381469727
Colombia,COL,1986,8.899999618530273,1.0,26.600000381469727
Colombia,COL,1989,8.800000190734863,3.799999952316284,21.799999237060547
Colombia,COL,1995,6.300000190734863,1.7000000476837158,19.600000381469727
Colombia,COL,2000,4.900000095367432,1.0,18.200000762939453
Colombia,COL,2005,5.0,1.600000023841858,16.0
Colombia,COL,2010,3.400000095367432,0.8999999761581421,12.600000381469728
Colombia,COL,2016,3.700000047683716,1.600000023841858,12.699999809265137
Comoros,COM,1992,15.199999809265137,5.300000190734863,38.5
Comoros,COM,1996,21.100000381469727,10.699999809265137,40.0
Comoros,COM,2000,25.100000381469727,13.300000190734863,46.900001525878906
Comoros,COM,2012,16.899999618530273,11.199999809265137,31.100000381469727
Congo,COG,1987,16.399999618530273,6.599999904632568,30.100000381469727
Congo,COG,2005,11.899999618530272,8.0,31.200000762939453
Congo,COG,2011,11.800000190734863,6.0,24.399999618530277
Congo,COG,2014,12.300000190734863,8.199999809265137,21.200000762939453
Costa Rica,CRI,1989,2.400000095367432,,
Costa Rica,CRI,1990,2.5,,
Costa Rica,CRI,1991,2.200000047683716,,
Costa Rica,CRI,1992,2.0,,
Costa Rica,CRI,1993,2.0,,
Costa Rica,CRI,1994,1.899999976158142,,
Costa Rica,CRI,1996,3.799999952316284,2.400000095367432,8.199999809265137
Costa Rica,CRI,2008,1.100000023841858,1.0,5.599999904632568
Costa Rica,CRI,2018,2.900000095367432,1.7999999523162842,9.0
Cote d'Ivoire,CIV,1986,11.699999809265137,8.5,19.600000381469727
Cote d'Ivoire,CIV,1994,20.299999237060547,8.300000190734863,34.20000076293945
Cote d'Ivoire,CIV,1998,18.200000762939453,6.900000095367432,31.200000762939453
Cote d'Ivoire,CIV,2007,29.399999618530277,14.0,39.0
Cote d'Ivoire,CIV,2012,15.699999809265137,7.599999904632568,29.899999618530277
Cote d'Ivoire,CIV,2016,12.800000190734863,6.099999904632568,21.600000381469727
Cuba,CUB,2000,3.400000095367432,2.400000095367432,7.0
Cuba,CUB,2019,2.400000095367432,2.0,7.099999904632568
Czechia,CZE,1991,0.8999999761581421,2.799999952316284,3.0999999046325684
Czechia,CZE,2001,2.0999999046325684,4.599999904632568,2.700000047683716
Democratic Republic of Congo,COD,1995,30.700000762939453,11.399999618530272,51.0
Democratic Republic of Congo,COD,2001,30.299999237060547,15.899999618530272,44.400001525878906
Democratic Republic of Congo,COD,2007,25.600000381469727,10.399999618530272,45.79999923706055
Democratic Republic of Congo,COD,2010,24.200000762939453,8.5,43.400001525878906
Democratic Republic of Congo,COD,2013,23.399999618530277,8.100000381469727,42.70000076293945
Democratic Republic of Congo,COD,2017,23.100000381469727,6.400000095367432,41.79999923706055
Djibouti,DJI,1989,20.200000762939453,12.5,28.0
Djibouti,DJI,1996,16.0,14.899999618530272,31.700000762939453
Djibouti,DJI,2002,24.399999618530277,19.399999618530277,27.100000381469727
Djibouti,DJI,2012,29.899999618530277,21.5,33.5
Dominican Republic,DOM,1986,8.699999809265137,3.299999952316284,20.399999618530277
Dominican Republic,DOM,1991,8.399999618530273,2.0999999046325684,21.100000381469727
Dominican Republic,DOM,1996,4.699999809265137,2.0,13.5
Dominican Republic,DOM,2000,3.299999952316284,1.5,7.699999809265137
Dominican Republic,DOM,2002,4.199999809265137,2.200000047683716,11.600000381469728
Dominican Republic,DOM,2006,3.900000095367432,1.7000000476837158,8.399999618530273
Dominican Republic,DOM,2007,3.400000095367432,2.299999952316284,10.100000381469728
Dominican Republic,DOM,2013,4.0,2.400000095367432,7.099999904632568
East Asia and Pacific,0,2000,11.669676780700684,,
East Asia and Pacific,0,2001,11.039840698242188,,
East Asia and Pacific,0,2002,10.564881324768066,,
East Asia and Pacific,0,2003,10.211190223693848,,
East Asia and Pacific,0,2004,9.889671325683594,,
East Asia and Pacific,0,2005,9.529016494750977,,
East Asia and Pacific,0,2006,9.172981262207031,,
East Asia and Pacific,0,2007,8.797929763793945,,
East Asia and Pacific,0,2008,8.407797813415527,,
East Asia and Pacific,0,2009,8.032174110412598,,
East Asia and Pacific,0,2010,7.68888521194458,,
East Asia and Pacific,0,2011,7.357483863830566,,
East Asia and Pacific,0,2012,7.0587687492370605,,
East Asia and Pacific,0,2013,6.786774158477783,,
East Asia and Pacific,0,2014,6.528788566589356,,
East Asia and Pacific,0,2015,6.2771735191345215,,
East Asia and Pacific,0,2016,6.047201633453369,,
East Asia and Pacific,0,2017,5.8164777755737305,,
East Asia and Pacific,0,2018,5.587475299835205,,
East Asia and Pacific,0,2019,5.370944023132324,,
East Asia and Pacific,0,2020,5.175821304321289,3.721701860427856,
Ecuador,ECU,1986,14.5,2.299999952316284,40.20000076293945
Ecuador,ECU,1999,10.399999618530272,2.700000047683716,27.899999618530277
Ecuador,ECU,2004,6.699999809265137,2.0,29.200000762939453
Ecuador,ECU,2006,6.800000190734863,2.0999999046325684,25.899999618530277
Ecuador,ECU,2012,6.400000095367432,2.400000095367432,25.399999618530277
Ecuador,ECU,2014,5.099999904632568,1.600000023841858,23.899999618530277
Ecuador,ECU,2019,5.199999809265137,3.700000047683716,23.0
Egypt,EGY,1988,9.399999618530272,1.899999976158142,34.0
Egypt,EGY,1991,10.5,4.5,34.900001525878906
Egypt,EGY,1992,8.199999809265137,4.0,31.100000381469727
Egypt,EGY,1995,10.800000190734863,5.699999809265137,34.79999923706055
Egypt,EGY,1998,9.399999618530272,6.400000095367432,26.299999237060547
Egypt,EGY,2003,8.699999809265137,5.199999809265137,20.200000762939453
Egypt,EGY,2005,5.400000095367432,5.300000190734863,23.899999618530277
Egypt,EGY,2008,6.800000190734863,7.900000095367432,30.700000762939453
Egypt,EGY,2014,7.0,9.5,22.299999237060547
El Salvador,SLV,1988,11.100000381469728,2.200000047683716,36.70000076293945
El Salvador,SLV,1993,8.0,1.5,31.600000381469727
El Salvador,SLV,1998,9.699999809265137,1.5,32.29999923706055
El Salvador,SLV,2003,6.099999904632568,1.2999999523162842,24.600000381469727
El Salvador,SLV,2008,6.699999809265137,1.600000023841858,20.799999237060547
El Salvador,SLV,2014,5.0,2.0999999046325684,13.600000381469728
Equatorial Guinea,GNQ,1997,13.800000190734863,4.0,38.70000076293945
Equatorial Guinea,GNQ,2000,15.699999809265137,9.199999809265137,42.70000076293945
Equatorial Guinea,GNQ,2004,10.600000381469728,2.799999952316284,35.0
Equatorial Guinea,GNQ,2011,5.599999904632568,3.0999999046325684,26.200000762939453
Eritrea,ERI,1993,36.900001525878906,11.800000190734863,69.5999984741211
Eritrea,ERI,1995,39.59999847412109,17.0,47.79999923706055
Eritrea,ERI,2002,34.29999923706055,15.0,43.0
Eritrea,ERI,2010,39.400001525878906,14.600000381469728,52.5
Estonia,EST,2014,0.4000000059604645,1.5,1.2000000476837158
Eswatini,SWZ,2000,9.100000381469728,1.7000000476837158,36.5
Eswatini,SWZ,2006,6.0,2.900000095367432,29.200000762939453
Eswatini,SWZ,2008,7.300000190734863,1.100000023841858,40.400001525878906
Eswatini,SWZ,2010,5.900000095367432,0.800000011920929,30.899999618530277
Eswatini,SWZ,2014,5.800000190734863,2.0,25.5
Ethiopia,ETH,1992,41.900001525878906,9.199999809265137,66.9000015258789
Ethiopia,ETH,2000,41.79999923706055,12.399999618530272,57.400001525878906
Ethiopia,ETH,2005,34.29999923706055,12.399999618530272,50.0
Ethiopia,ETH,2011,29.200000762939453,9.800000190734863,44.400001525878906
Ethiopia,ETH,2014,26.5,8.800000190734863,40.400001525878906
Ethiopia,ETH,2016,23.5,10.0,38.29999923706055
Ethiopia,ETH,2019,21.100000381469727,7.199999809265137,36.79999923706055
Fiji,FJI,1993,6.900000095367432,9.800000190734863,4.300000190734863
Fiji,FJI,2004,5.300000190734863,6.300000190734863,7.5
Gabon,GAB,2000,9.0,4.199999809265137,25.899999618530277
Gabon,GAB,2012,6.400000095367432,3.400000095367432,17.0
Gambia,GMB,1996,23.200000762939453,,36.09999847412109
Gambia,GMB,2000,15.399999618530272,9.100000381469728,24.100000381469727
Gambia,GMB,2006,15.800000190734863,7.400000095367432,27.700000762939453
Gambia,GMB,2010,17.399999618530273,9.5,23.399999618530277
Gambia,GMB,2012,17.899999618530273,9.5,21.100000381469727
Gambia,GMB,2013,16.5,11.0,24.600000381469727
Gambia,GMB,2018,10.300000190734863,6.0,13.600000381469728
Gambia,GMB,2020,11.600000381469728,5.099999904632568,17.5
Georgia,GEO,1999,2.700000047683716,3.0999999046325684,16.100000381469727
Georgia,GEO,2005,2.400000095367432,3.0,14.600000381469728
Georgia,GEO,2009,1.100000023841858,1.2999999523162842,11.800000190734863
Georgia,GEO,2018,2.0999999046325684,0.6000000238418579,5.800000190734863
Germany,DEU,2004,1.100000023841858,1.0,1.2999999523162842
Germany,DEU,2016,0.5,0.3000000119209289,1.7000000476837158
Ghana,GHA,1988,24.799999237060547,7.0,42.59999847412109
Ghana,GHA,1993,25.799999237060547,10.899999618530272,41.20000076293945
Ghana,GHA,1997,22.200000762939453,8.199999809265137,34.70000076293945
Ghana,GHA,1998,20.100000381469727,9.899999618530272,30.600000381469727
Ghana,GHA,2003,19.0,8.399999618530273,35.5
Ghana,GHA,2006,13.899999618530272,6.0,27.899999618530277
Ghana,GHA,2008,14.399999618530272,8.699999809265137,28.399999618530277
Ghana,GHA,2011,13.399999618530272,6.199999809265137,22.799999237060547
Ghana,GHA,2014,11.199999809265137,4.699999809265137,18.799999237060547
Ghana,GHA,2017,12.600000381469728,6.800000190734863,17.5
Greece,GRC,2003,0.2000000029802322,0.6000000238418579,1.5
Guatemala,GTM,1987,27.899999618530277,1.899999976158142,66.19999694824219
Guatemala,GTM,1995,21.700000762939453,3.799999952316284,55.400001525878906
Guatemala,GTM,1999,20.299999237060547,2.900000095367432,53.09999847412109
Guatemala,GTM,2000,18.799999237060547,3.700000047683716,51.0
Guatemala,GTM,2002,18.200000762939453,1.899999976158142,54.79999923706055
Guatemala,GTM,2009,14.100000381469728,1.0,51.5
Guatemala,GTM,2015,12.399999618530272,0.800000011920929,46.70000076293945
Guinea,GIN,1994,21.200000762939453,14.0,35.29999923706055
Guinea,GIN,1999,20.0,9.699999809265137,31.100000381469727
Guinea,GIN,2005,22.700000762939453,11.0,39.29999923706055
Guinea,GIN,2007,16.399999618530273,7.199999809265137,34.0
Guinea,GIN,2012,18.799999237060547,10.0,31.100000381469727
Guinea,GIN,2016,18.299999237060547,8.100000381469727,32.400001525878906
Guinea,GIN,2018,16.299999237060547,9.199999809265137,30.299999237060547
Guinea-Bissau,GNB,2000,19.799999237060547,11.800000190734863,33.79999923706055
Guinea-Bissau,GNB,2010,18.0,5.900000095367432,32.0
Guinea-Bissau,GNB,2012,17.0,6.199999809265137,26.399999618530277
Guinea-Bissau,GNB,2014,17.0,6.0,27.600000381469727
Guinea-Bissau,GNB,2019,18.799999237060547,7.800000190734863,28.100000381469727
Guyana,GUY,1993,13.199999809265137,6.699999809265137,14.699999809265137
Guyana,GUY,1997,10.300000190734863,13.300000190734863,14.0
Guyana,GUY,2000,11.899999618530272,12.100000381469728,13.899999618530272
Guyana,GUY,2006,10.800000190734863,8.300000190734863,17.899999618530273
Guyana,GUY,2009,11.0,5.5,19.299999237060547
Guyana,GUY,2014,8.199999809265137,6.400000095367432,11.300000190734863
Haiti,HTI,1990,23.700000762939453,5.900000095367432,40.09999847412109
Haiti,HTI,1994,23.799999237060547,9.300000190734863,37.09999847412109
Haiti,HTI,2000,13.899999618530272,5.5,28.799999237060547
Haiti,HTI,2006,18.899999618530277,10.199999809265137,29.600000381469727
Haiti,HTI,2012,11.600000381469728,5.099999904632568,22.0
Haiti,HTI,2017,9.5,3.700000047683716,21.899999618530277
High income,0,2000,1.3032156229019165,,
High income,0,2001,1.2791162729263306,,
High income,0,2002,1.255456805229187,,
High income,0,2003,1.2322295904159546,,
High income,0,2004,1.2094268798828125,,
High income,0,2005,1.18704092502594,,
High income,0,2006,1.165064573287964,,
High income,0,2007,1.1434903144836426,,
High income,0,2008,1.122310996055603,,
High income,0,2009,1.1015195846557615,,
High income,0,2010,1.0811091661453247,,
High income,0,2011,1.0610729455947876,,
High income,0,2012,1.0414040088653564,,
High income,0,2013,1.022096037864685,,
High income,0,2014,1.0031423568725586,,
High income,0,2015,0.984536588191986,,
High income,0,2016,0.9662725925445556,,
High income,0,2017,0.9483442306518556,,
High income,0,2018,0.9307453036308287,,
High income,0,2019,0.9134699702262878,,
High income,0,2020,0.8965123891830444,0.3665917515754699,
Honduras,HND,1987,18.100000381469727,2.299999952316284,43.29999923706055
Honduras,HND,1991,15.0,2.400000095367432,42.70000076293945
Honduras,HND,1994,16.100000381469727,2.700000047683716,45.70000076293945
Honduras,HND,1996,17.899999618530273,1.600000023841858,38.59999847412109
Honduras,HND,2001,12.800000190734863,1.2999999523162842,35.5
Honduras,HND,2006,8.699999809265137,1.399999976158142,29.799999237060547
Honduras,HND,2012,7.099999904632568,1.399999976158142,22.600000381469727
India,IND,1989,55.5,20.299999237060547,62.70000076293945
India,IND,1991,52.79999923706055,20.0,61.900001525878906
India,IND,1992,51.20000076293945,19.899999618530277,57.70000076293945
India,IND,1997,38.400001525878906,18.399999618530277,45.900001525878906
India,IND,1999,46.29999923706055,17.100000381469727,54.20000076293945
India,IND,2006,43.5,20.0,47.79999923706055
India,IND,2014,29.399999618530277,15.100000381469728,38.70000076293945
India,IND,2015,36.29999923706055,20.799999237060547,37.900001525878906
India,IND,2017,33.400001525878906,17.299999237060547,34.70000076293945
Indonesia,IDN,1987,35.900001525878906,,
Indonesia,IDN,1989,31.0,,
Indonesia,IDN,1992,29.799999237060547,,
Indonesia,IDN,1996,30.299999237060547,14.899999618530272,48.09999847412109
Indonesia,IDN,1998,25.799999237060547,,
Indonesia,IDN,1999,22.799999237060547,,
Indonesia,IDN,2000,24.799999237060547,5.5,42.400001525878906
Indonesia,IDN,2001,23.399999618530277,5.400000095367432,41.59999847412109
Indonesia,IDN,2002,23.0,,
Indonesia,IDN,2003,23.100000381469727,,
Indonesia,IDN,2004,19.700000762939453,14.399999618530272,28.600000381469727
Indonesia,IDN,2005,24.399999618530277,,
Indonesia,IDN,2007,19.600000381469727,14.800000190734863,40.09999847412109
Indonesia,IDN,2010,18.600000381469727,12.300000190734863,39.20000076293945
Indonesia,IDN,2013,19.899999618530277,13.5,36.400001525878906
Indonesia,IDN,2018,17.700000762939453,10.199999809265137,30.799999237060547
Iran,IRN,1995,13.800000190734863,8.100000381469727,24.399999618530277
Iran,IRN,1998,9.5,6.099999904632568,20.399999618530277
Iran,IRN,2004,4.599999904632568,4.800000190734863,7.099999904632568
Iran,IRN,2010,4.099999904632568,4.0,6.800000190734863
Iraq,IRQ,1991,10.399999618530272,4.400000095367432,27.600000381469727
Iraq,IRQ,2000,12.800000190734863,6.599999904632568,28.100000381469727
Iraq,IRQ,2003,10.100000381469728,5.599999904632568,33.70000076293945
Iraq,IRQ,2004,8.0,6.900000095367432,20.0
Iraq,IRQ,2006,7.099999904632568,5.800000190734863,27.5
Iraq,IRQ,2011,7.199999809265137,6.5,22.100000381469727
Iraq,IRQ,2018,3.900000095367432,3.0,12.600000381469728
Jamaica,JAM,1989,5.800000190734863,3.200000047683716,12.0
Jamaica,JAM,1991,5.599999904632568,5.5,11.800000190734863
Jamaica,JAM,1992,5.699999809265137,2.700000047683716,14.399999618530272
Jamaica,JAM,1994,4.599999904632568,3.0,12.100000381469728
Jamaica,JAM,1995,4.800000190734863,4.800000190734863,9.699999809265137
Jamaica,JAM,1996,5.599999904632568,2.5,11.199999809265137
Jamaica,JAM,1997,3.5,2.200000047683716,8.699999809265137
Jamaica,JAM,1998,3.799999952316284,2.5999999046325684,9.5
Jamaica,JAM,1999,2.0999999046325684,2.400000095367432,5.699999809265137
Jamaica,JAM,2000,3.900000095367432,3.0,7.199999809265137
Jamaica,JAM,2001,4.0,3.200000047683716,6.599999904632568
Jamaica,JAM,2002,2.700000047683716,2.400000095367432,8.199999809265137
Jamaica,JAM,2004,3.0999999046325684,4.5,4.900000095367432
Jamaica,JAM,2006,4.800000190734863,3.700000047683716,7.5
Jamaica,JAM,2007,1.7999999523162842,2.700000047683716,5.400000095367432
Jamaica,JAM,2008,2.400000095367432,2.5,6.900000095367432
Jamaica,JAM,2010,3.400000095367432,4.800000190734863,6.0
Jamaica,JAM,2012,2.700000047683716,3.0,6.800000190734863
Jamaica,JAM,2014,2.200000047683716,3.5999999046325684,6.0
Jamaica,JAM,2016,4.400000095367432,3.299999952316284,9.300000190734863
Japan,JPN,2010,3.400000095367432,2.299999952316284,7.099999904632568
Jordan,JOR,1990,5.099999904632568,4.0,20.0
Jordan,JOR,1997,3.799999952316284,2.400000095367432,11.100000381469728
Jordan,JOR,2002,3.700000047683716,2.5,11.699999809265137
Jordan,JOR,2009,1.899999976158142,1.600000023841858,8.199999809265137
Jordan,JOR,2012,3.0,2.400000095367432,7.800000190734863
Kazakhstan,KAZ,1995,4.400000095367432,6.400000095367432,23.299999237060547
Kazakhstan,KAZ,1999,3.799999952316284,2.5,13.199999809265137
Kazakhstan,KAZ,2006,4.900000095367432,4.900000095367432,17.5
Kazakhstan,KAZ,2010,3.700000047683716,4.099999904632568,13.100000381469728
Kazakhstan,KAZ,2015,2.0,3.0999999046325684,8.0
Kenya,KEN,1993,19.399999618530277,7.099999904632568,40.20000076293945
Kenya,KEN,1994,17.899999618530273,6.800000190734863,41.09999847412109
Kenya,KEN,1998,17.5,7.199999809265137,37.400001525878906
Kenya,KEN,2000,17.100000381469727,7.400000095367432,40.79999923706055
Kenya,KEN,2003,16.399999618530273,6.199999809265137,35.79999923706055
Kenya,KEN,2005,18.0,6.900000095367432,40.29999923706055
Kenya,KEN,2008,16.5,6.900000095367432,35.5
Kenya,KEN,2011,12.699999809265137,6.300000190734863,26.299999237060547
Kenya,KEN,2014,11.199999809265137,4.199999809265137,26.200000762939453
Kiribati,KIR,1985,11.300000190734863,12.600000381469728,34.400001525878906
Kiribati,KIR,2009,15.100000381469728,,
Kiribati,KIR,2018,6.900000095367432,3.5,15.199999809265137
Kuwait,KWT,1996,1.5,1.7000000476837158,5.0
Kuwait,KWT,2001,2.200000047683716,2.200000047683716,4.0
Kuwait,KWT,2002,2.0999999046325684,2.200000047683716,3.5999999046325684
Kuwait,KWT,2003,2.299999952316284,2.5999999046325684,3.900000095367432
Kuwait,KWT,2004,2.799999952316284,3.400000095367432,4.099999904632568
Kuwait,KWT,2005,2.700000047683716,3.299999952316284,4.5
Kuwait,KWT,2006,2.700000047683716,2.799999952316284,4.599999904632568
Kuwait,KWT,2007,2.900000095367432,3.5999999046325684,5.099999904632568
Kuwait,KWT,2008,2.299999952316284,2.200000047683716,5.099999904632568
Kuwait,KWT,2009,1.7000000476837158,1.7999999523162842,3.799999952316284
Kuwait,KWT,2010,1.7000000476837158,2.400000095367432,4.099999904632568
Kuwait,KWT,2011,2.0999999046325684,1.7000000476837158,4.0
Kuwait,KWT,2012,2.200000047683716,2.400000095367432,4.300000190734863
Kuwait,KWT,2013,3.0999999046325684,2.700000047683716,4.800000190734863
Kuwait,KWT,2014,3.0,2.400000095367432,5.800000190734863
Kyrgyzstan,KGZ,1997,10.399999618530272,2.900000095367432,36.20000076293945
Kyrgyzstan,KGZ,2006,2.700000047683716,3.400000095367432,18.100000381469727
Kyrgyzstan,KGZ,2009,4.699999809265137,1.2999999523162842,22.600000381469727
Kyrgyzstan,KGZ,2012,3.799999952316284,2.799999952316284,17.899999618530273
Kyrgyzstan,KGZ,2014,2.799999952316284,2.799999952316284,12.899999618530272
Kyrgyzstan,KGZ,2018,1.7999999523162842,2.0,11.800000190734863
Laos,LAO,1993,39.79999923706055,11.800000190734863,53.59999847412109
Laos,LAO,1994,35.900001525878906,12.300000190734863,52.900001525878906
Laos,LAO,2000,35.599998474121094,17.5,47.5
Laos,LAO,2006,31.600000381469727,7.400000095367432,47.70000076293945
Laos,LAO,2011,26.600000381469727,5.900000095367432,44.20000076293945
Laos,LAO,2015,25.5,9.699999809265137,35.5
Laos,LAO,2017,21.100000381469727,9.0,33.099998474121094
Latin America and Caribbean,0,2000,5.291683197021484,,
Latin America and Caribbean,0,2001,5.11922550201416,,
Latin America and Caribbean,0,2002,4.954301834106445,,
Latin America and Caribbean,0,2003,4.795706272125244,,
Latin America and Caribbean,0,2004,4.642369270324707,,
Latin America and Caribbean,0,2005,4.493721961975098,,
Latin America and Caribbean,0,2006,4.350776672363281,,
Latin America and Caribbean,0,2007,4.210487842559815,,
Latin America and Caribbean,0,2008,4.073437213897705,,
Latin America and Caribbean,0,2009,3.9404726028442383,,
Latin America and Caribbean,0,2010,3.812045812606812,,
Latin America and Caribbean,0,2011,3.6872105598449703,,
Latin America and Caribbean,0,2012,3.5666682720184326,,
Latin America and Caribbean,0,2013,3.450098752975464,,
Latin America and Caribbean,0,2014,3.336922168731689,,
Latin America and Caribbean,0,2015,3.226825714111328,,
Latin America and Caribbean,0,2016,3.1204276084899902,,
Latin America and Caribbean,0,2017,3.0165414810180664,,
Latin America and Caribbean,0,2018,2.9154484272003174,,
Latin America and Caribbean,0,2019,2.817635536193848,,
Latin America and Caribbean,0,2020,2.7233359813690186,1.3066112995147705,
Lebanon,LBN,1996,3.5,3.5999999046325684,17.200000762939453
Lebanon,LBN,2004,4.199999809265137,6.599999904632568,16.5
Lesotho,LSO,1992,13.800000190734863,3.200000047683716,39.20000076293945
Lesotho,LSO,1993,18.899999618530277,22.399999618530277,37.5
Lesotho,LSO,2004,16.600000381469727,5.599999904632568,44.70000076293945
Lesotho,LSO,2009,13.399999618530272,3.799999952316284,39.29999923706055
Lesotho,LSO,2014,10.5,2.799999952316284,33.400001525878906
Lesotho,LSO,2018,10.5,2.0999999046325684,34.599998474121094
Liberia,LBR,2000,22.799999237060547,7.400000095367432,45.29999923706055
Liberia,LBR,2007,20.399999618530277,7.900000095367432,39.59999847412109
Liberia,LBR,2010,16.600000381469727,4.0,39.0
Liberia,LBR,2013,15.300000190734863,5.599999904632568,32.099998474121094
Liberia,LBR,2016,13.600000381469728,4.300000190734863,30.100000381469727
Liberia,LBR,2019,10.899999618530272,3.400000095367432,29.799999237060547
Libya,LBY,1995,4.199999809265137,3.5999999046325684,21.100000381469727
Libya,LBY,2007,5.599999904632568,6.5,21.0
Libya,LBY,2014,11.699999809265137,10.199999809265137,38.09999847412109
Low and middle income,0,2000,22.524324417114254,,
Low and middle income,0,2001,21.9090576171875,,
Low and middle income,0,2002,21.408496856689453,,
Low and middle income,0,2003,20.99207305908203,,
Low and middle income,0,2004,20.58666610717773,,
Low and middle income,0,2005,20.142730712890625,,
Low and middle income,0,2006,19.70233917236328,,
Low and middle income,0,2007,19.23980712890625,,
Low and middle income,0,2008,18.756431579589844,,
Low and middle income,0,2009,18.270790100097656,,
Low and middle income,0,2010,17.79640007019043,,
Low and middle income,0,2011,17.337629318237305,,
Low and middle income,0,2012,16.870479583740234,,
Low and middle income,0,2013,16.40810203552246,,
Low and middle income,0,2014,15.963631629943848,,
Low and middle income,0,2015,15.546844482421877,,
Low and middle income,0,2016,15.134832382202148,,
Low and middle income,0,2017,14.761918067932127,,
Low and middle income,0,2018,14.420994758605955,,
Low and middle income,0,2019,14.097908973693848,,
Low and middle income,0,2020,13.782318115234377,6.8242597579956055,
Low income,0,2000,28.64889144897461,,
Low income,0,2001,28.09428977966309,,
Low income,0,2002,27.54627990722656,,
Low income,0,2003,27.00494384765625,,
Low income,0,2004,26.470359802246094,,
Low income,0,2005,25.942598342895508,,
Low income,0,2006,25.421720504760746,,
Low income,0,2007,24.90778350830078,,
Low income,0,2008,24.40083694458008,,
Low income,0,2009,23.900924682617188,,
Low income,0,2010,23.408082962036133,,
Low income,0,2011,22.92234230041504,,
Low income,0,2012,22.44372940063477,,
Low income,0,2013,21.97225952148437,,
Low income,0,2014,21.507946014404297,,
Low income,0,2015,21.05079841613769,,
Low income,0,2016,20.60081672668457,,
Low income,0,2017,20.15799903869629,,
Low income,0,2018,19.72233390808105,,
Low income,0,2019,19.29380989074707,,
Low income,0,2020,18.872407913208008,6.920449733734131,
Lower middle income,0,2000,31.66676902770996,,
Lower middle income,0,2001,30.966766357421875,,
Lower middle income,0,2002,30.27538108825684,,
Lower middle income,0,2003,29.59281539916992,,
Lower middle income,0,2004,28.91925621032715,,
Lower middle income,0,2005,28.25487327575684,,
Lower middle income,0,2006,27.599828720092773,,
Lower middle income,0,2007,26.954265594482425,,
Lower middle income,0,2008,26.31831169128418,,
Lower middle income,0,2009,25.692087173461918,,
Lower middle income,0,2010,25.0756893157959,,
Lower middle income,0,2011,24.46921157836914,,
Lower middle income,0,2012,23.87272834777832,,
Lower middle income,0,2013,23.28630256652832,,
Lower middle income,0,2014,22.709985733032227,,
Lower middle income,0,2015,22.143814086914062,,
Lower middle income,0,2016,21.587814331054688,,
Lower middle income,0,2017,21.0420036315918,,
Lower middle income,0,2018,20.50638198852539,,
Lower middle income,0,2019,19.980945587158203,,
Lower middle income,0,2020,19.465675354003903,9.873767852783203,
Madagascar,MDG,1992,35.20000076293945,6.400000095367432,60.5
Madagascar,MDG,1993,40.900001525878906,16.399999618530273,54.09999847412109
Madagascar,MDG,1995,30.399999618530277,9.0,55.20000076293945
Madagascar,MDG,1997,38.0,8.899999618530273,58.20000076293945
Madagascar,MDG,2004,36.70000076293945,15.100000381469728,52.70000076293945
Madagascar,MDG,2012,32.599998474121094,7.5,48.900001525878906
Madagascar,MDG,2018,26.399999618530277,6.400000095367432,41.59999847412109
Malawi,MWI,1992,24.399999618530277,6.599999904632568,55.400001525878906
Malawi,MWI,1995,26.5,8.5,53.79999923706055
Malawi,MWI,1998,24.5,8.699999809265137,62.29999923706055
Malawi,MWI,2000,21.5,6.800000190734863,54.70000076293945
Malawi,MWI,2002,21.700000762939453,6.300000190734863,58.29999923706055
Malawi,MWI,2004,18.600000381469727,6.300000190734863,52.5
Malawi,MWI,2006,15.600000381469728,4.199999809265137,53.09999847412109
Malawi,MWI,2009,12.100000381469728,1.7999999523162842,48.79999923706055
Malawi,MWI,2010,13.899999618530272,4.0,47.29999923706055
Malawi,MWI,2014,16.700000762939453,3.799999952316284,42.400001525878906
Malawi,MWI,2015,11.800000190734863,2.799999952316284,37.400001525878906
Malawi,MWI,2016,15.0,3.900000095367432,38.29999923706055
Malawi,MWI,2017,12.600000381469728,2.400000095367432,39.29999923706055
Malawi,MWI,2018,11.800000190734863,1.2999999523162842,39.0
Malawi,MWI,2019,9.0,0.6000000238418579,40.900001525878906
Malaysia,MYS,1990,22.100000381469727,,
Malaysia,MYS,1991,23.100000381469727,,
Malaysia,MYS,1992,22.600000381469727,,
Malaysia,MYS,1993,20.5,,
Malaysia,MYS,1994,19.700000762939453,,
Malaysia,MYS,1995,17.700000762939453,,
Malaysia,MYS,1999,16.700000762939453,15.300000190734863,20.700000762939453
Malaysia,MYS,2006,12.699999809265137,13.199999809265137,17.5
Malaysia,MYS,2015,12.399999618530272,8.0,17.700000762939453
Malaysia,MYS,2016,13.699999809265137,11.5,20.700000762939453
Malaysia,MYS,2019,14.100000381469728,9.699999809265137,21.799999237060547
Maldives,MDV,1994,32.5,16.100000381469727,36.09999847412109
Maldives,MDV,1995,39.0,18.899999618530277,33.0
Maldives,MDV,1997,36.70000076293945,19.899999618530277,43.0
Maldives,MDV,2001,25.700000762939453,13.399999618530272,31.899999618530277
Maldives,MDV,2009,17.700000762939453,10.600000381469728,19.0
Maldives,MDV,2017,14.800000190734863,9.100000381469728,15.300000190734863
Mali,MLI,1987,28.600000381469727,11.300000190734863,35.79999923706055
Mali,MLI,1996,37.70000076293945,22.0,39.900001525878906
Mali,MLI,2001,30.0,12.600000381469728,42.5
Mali,MLI,2006,27.899999618530277,15.399999618530272,37.59999847412109
Mali,MLI,2010,18.899999618530277,8.899999618530273,27.799999237060547
Mali,MLI,2011,20.0,10.399999618530272,27.899999618530277
Mali,MLI,2014,24.100000381469727,13.100000381469728,28.100000381469727
Mali,MLI,2015,25.0,13.5,30.399999618530277
Mali,MLI,2016,20.200000762939453,10.600000381469728,26.399999618530277
Mali,MLI,2017,17.100000381469727,10.5,24.600000381469727
Mali,MLI,2018,18.600000381469727,9.0,26.899999618530277
Mali,MLI,2019,18.100000381469727,9.300000190734863,26.399999618530277
Marshall Islands,MHL,2017,11.899999618530272,3.5,34.79999923706055
Mauritania,MRT,1996,20.299999237060547,8.699999809265137,49.79999923706055
Mauritania,MRT,2000,29.700000762939453,15.300000190734863,38.59999847412109
Mauritania,MRT,2007,25.5,13.600000381469728,31.5
Mauritania,MRT,2008,16.5,8.100000381469727,23.600000381469727
Mauritania,MRT,2011,24.399999618530277,13.899999618530272,29.700000762939453
Mauritania,MRT,2012,20.399999618530277,11.699999809265137,23.200000762939453
Mauritania,MRT,2015,24.899999618530277,14.800000190734863,27.899999618530277
Mauritania,MRT,2018,19.200000762939453,11.5,22.799999237060547
Mauritius,MUS,1985,21.100000381469727,18.299999237060547,27.299999237060547
Mauritius,MUS,1995,13.0,15.699999809265137,13.600000381469728
Mexico,MEX,1988,10.899999618530272,6.099999904632568,26.899999618530277
Mexico,MEX,1989,9.600000381469728,6.099999904632568,26.0
Mexico,MEX,1996,10.300000190734863,8.5,25.799999237060547
Mexico,MEX,1998,5.599999904632568,2.0,21.399999618530277
Mexico,MEX,2006,3.400000095367432,2.0,15.5
Mexico,MEX,2012,2.799999952316284,1.600000023841858,13.600000381469728
Mexico,MEX,2015,3.900000095367432,1.0,12.399999618530272
Mexico,MEX,2016,4.199999809265137,2.0,10.0
Mexico,MEX,2019,4.699999809265137,1.399999976158142,14.100000381469728
Middle East and North Africa,0,2000,8.705559730529785,,
Middle East and North Africa,0,2001,8.446833610534668,,
Middle East and North Africa,0,2002,8.195107460021973,,
Middle East and North Africa,0,2003,7.950231075286865,,
Middle East and North Africa,0,2004,7.712057113647461,,
Middle East and North Africa,0,2005,7.480438709259033,,
Middle East and North Africa,0,2006,7.255229473114014,,
Middle East and North Africa,0,2007,7.036284923553467,,
Middle East and North Africa,0,2008,6.823461532592773,,
Middle East and North Africa,0,2009,6.616617202758789,,
Middle East and North Africa,0,2010,6.415611267089844,,
Middle East and North Africa,0,2011,6.2203049659729,,
Middle East and North Africa,0,2012,6.030561447143555,,
Middle East and North Africa,0,2013,5.846244812011719,,
Middle East and North Africa,0,2014,5.667221546173096,,
Middle East and North Africa,0,2015,5.49336051940918,,
Middle East and North Africa,0,2016,5.324532508850098,,
Middle East and North Africa,0,2017,5.160609722137451,,
Middle East and North Africa,0,2018,5.001466751098633,,
Middle East and North Africa,0,2019,4.846980571746826,,
Middle East and North Africa,0,2020,4.697030544281006,6.314711570739746,
Middle income,0,2000,21.612621307373047,,
Middle income,0,2001,20.97369956970215,,
Middle income,0,2002,20.459775924682617,,
Middle income,0,2003,20.03763198852539,,
Middle income,0,2004,19.62792205810547,,
Middle income,0,2005,19.176166534423828,,
Middle income,0,2006,18.72846221923828,,
Middle income,0,2007,18.256711959838867,,
Middle income,0,2008,17.762048721313477,,
Middle income,0,2009,17.264822006225586,,
Middle income,0,2010,16.780149459838867,,
Middle income,0,2011,16.313207626342773,,
Middle income,0,2012,15.836109161376951,,
Middle income,0,2013,15.363728523254396,,
Middle income,0,2014,14.91060733795166,,
Middle income,0,2015,14.487338066101074,,
Middle income,0,2016,14.067201614379885,,
Middle income,0,2017,13.691691398620604,,
Middle income,0,2018,13.35217571258545,,
Middle income,0,2019,13.031818389892578,,
Middle income,0,2020,12.718246459960938,6.80415153503418,
Moldova,MDA,2005,3.200000047683716,5.800000190734863,10.699999809265137
Moldova,MDA,2012,2.200000047683716,1.899999976158142,6.400000095367432
Mongolia,MNG,1992,11.800000190734863,2.400000095367432,33.099998474121094
Mongolia,MNG,1999,10.800000190734863,4.300000190734863,30.100000381469727
Mongolia,MNG,2000,11.600000381469728,7.099999904632568,29.799999237060547
Mongolia,MNG,2004,4.800000190734863,0.6000000238418579,23.5
Mongolia,MNG,2005,5.300000190734863,2.700000047683716,27.5
Mongolia,MNG,2010,3.299999952316284,1.600000023841858,15.300000190734863
Mongolia,MNG,2013,1.600000023841858,1.0,10.800000190734863
Mongolia,MNG,2016,0.800000011920929,1.2000000476837158,7.300000190734863
Mongolia,MNG,2018,1.7999999523162842,0.8999999761581421,9.399999618530272
Montenegro,MNE,2005,2.200000047683716,4.199999809265137,7.900000095367432
Montenegro,MNE,2013,1.0,2.799999952316284,9.399999618530272
Montenegro,MNE,2018,3.700000047683716,2.200000047683716,7.199999809265137
Morocco,MAR,1987,10.399999618530272,3.900000095367432,31.0
Morocco,MAR,1992,8.100000381469727,2.5999999046325684,30.100000381469727
Morocco,MAR,1997,7.699999809265137,4.699999809265137,28.899999618530277
Morocco,MAR,2003,9.800000190734863,10.800000190734863,23.100000381469727
Morocco,MAR,2011,2.900000095367432,2.299999952316284,14.899999618530272
Morocco,MAR,2017,2.5999999046325684,2.5999999046325684,15.100000381469728
Mozambique,MOZ,1995,23.899999618530277,9.600000381469728,59.900001525878906
Mozambique,MOZ,1997,26.299999237060547,9.800000190734863,48.70000076293945
Mozambique,MOZ,2001,24.5,8.100000381469727,50.70000076293945
Mozambique,MOZ,2003,21.200000762939453,5.400000095367432,46.900001525878906
Mozambique,MOZ,2008,18.200000762939453,4.199999809265137,43.5
Mozambique,MOZ,2011,15.600000381469728,6.099999904632568,42.900001525878906
Mozambique,MOZ,2015,15.600000381469728,4.400000095367432,42.29999923706055
Myanmar,MMR,1990,32.5,,
Myanmar,MMR,1991,37.0,12.699999809265137,53.59999847412109
Myanmar,MMR,1994,31.200000762939453,9.199999809265137,58.70000076293945
Myanmar,MMR,1995,38.70000076293945,,
Myanmar,MMR,1997,28.100000381469727,9.600000381469728,55.400001525878906
Myanmar,MMR,2000,30.0,10.699999809265137,40.79999923706055
Myanmar,MMR,2003,29.200000762939453,11.699999809265137,42.70000076293945
Myanmar,MMR,2009,22.600000381469727,7.900000095367432,35.099998474121094
Myanmar,MMR,2016,18.5,6.599999904632568,29.399999618530277
Myanmar,MMR,2018,19.100000381469727,6.699999809265137,26.700000762939453
Namibia,NAM,1992,21.399999618530277,9.600000381469728,35.599998474121094
Namibia,NAM,2000,20.200000762939453,10.0,29.299999237060547
Namibia,NAM,2007,17.399999618530273,7.599999904632568,29.200000762939453
Namibia,NAM,2013,13.199999809265137,7.099999904632568,22.700000762939453
Nauru,NRU,2007,4.800000190734863,1.0,24.0
Nepal,NPL,1995,42.59999847412109,6.0,68.19999694824219
Nepal,NPL,1996,47.09999847412109,12.600000381469728,65.69999694824219
Nepal,NPL,1998,38.20000076293945,7.900000095367432,61.09999847412109
Nepal,NPL,2001,42.79999923706055,11.300000190734863,56.09999847412109
Nepal,NPL,2006,38.59999847412109,12.699999809265137,49.09999847412109
Nepal,NPL,2011,28.899999618530277,11.199999809265137,40.09999847412109
Nepal,NPL,2014,29.700000762939453,11.300000190734863,37.09999847412109
Nepal,NPL,2016,27.299999237060547,9.600000381469728,36.09999847412109
Nepal,NPL,2019,24.399999618530277,12.0,31.5
Netherlands,NLD,1996,1.100000023841858,1.2000000476837158,1.2999999523162842
Netherlands,NLD,2009,1.0,1.0,1.5
Nicaragua,NIC,1993,9.600000381469728,2.5,29.600000381469727
Nicaragua,NIC,1998,10.300000190734863,3.400000095367432,30.5
Nicaragua,NIC,2001,7.699999809265137,2.299999952316284,25.100000381469727
Nicaragua,NIC,2004,4.300000190734863,0.3000000119209289,18.799999237060547
Nicaragua,NIC,2007,5.699999809265137,1.5,23.100000381469727
Nicaragua,NIC,2012,4.599999904632568,2.200000047683716,17.299999237060547
Niger,NER,1985,45.0,25.299999237060547,43.79999923706055
Niger,NER,1992,38.70000076293945,18.799999237060547,45.29999923706055
Niger,NER,1998,46.900001525878906,19.799999237060547,50.70000076293945
Niger,NER,2000,43.09999847412109,16.200000762939453,53.5
Niger,NER,2006,35.599998474121094,11.600000381469728,51.0
Niger,NER,2007,37.900001525878906,12.5,49.20000076293945
Niger,NER,2008,34.599998474121094,13.800000190734863,43.79999923706055
Niger,NER,2009,33.5,12.5,45.5
Niger,NER,2010,40.0,15.800000190734863,47.400001525878906
Niger,NER,2011,38.400001525878906,12.600000381469728,50.900001525878906
Niger,NER,2012,32.099998474121094,13.399999618530272,39.900001525878906
Niger,NER,2013,33.099998474121094,12.399999618530272,42.5
Niger,NER,2014,34.599998474121094,14.199999809265137,42.20000076293945
Niger,NER,2015,35.79999923706055,13.600000381469728,46.400001525878906
Niger,NER,2016,32.0,10.399999618530272,41.29999923706055
Niger,NER,2018,37.5,14.100000381469728,48.5
Niger,NER,2019,31.299999237060547,9.800000190734863,47.09999847412109
Nigeria,NGA,1990,33.099998474121094,11.699999809265137,48.70000076293945
Nigeria,NGA,1993,35.099998474121094,20.600000381469727,43.79999923706055
Nigeria,NGA,2003,26.700000762939453,11.199999809265137,42.5
Nigeria,NGA,2011,24.200000762939453,10.199999809265137,35.79999923706055
Nigeria,NGA,2014,20.600000381469727,7.900000095367432,33.599998474121094
Nigeria,NGA,2015,19.5,7.300000190734863,33.0
Nigeria,NGA,2016,31.5,10.800000190734863,43.59999847412109
Nigeria,NGA,2018,21.799999237060547,6.800000190734863,36.79999923706055
Nigeria,NGA,2020,18.399999618530277,6.5,31.5
North America,0,2000,0.8904879093170166,,
North America,0,2001,0.8779405355453491,,
North America,0,2002,0.8655683994293213,,
North America,0,2003,0.8533691167831421,,
North America,0,2004,0.8413403034210205,,
North America,0,2005,0.8294796943664551,,
North America,0,2006,0.81778484582901,,
North America,0,2007,0.8062535524368286,,
North America,0,2008,0.7948835492134094,,
North America,0,2009,0.7836726307868958,,
North America,0,2010,0.7726185917854309,,
North America,0,2011,0.761719286441803,,
North America,0,2012,0.7509725689888,,
North America,0,2013,0.740376353263855,,
North America,0,2014,0.7299284934997559,,
North America,0,2015,0.7196270823478699,,
North America,0,2016,0.7094699740409851,,
North America,0,2017,0.699455201625824,,
North America,0,2018,0.6895808577537537,,
North America,0,2019,0.6798449158668518,,
North America,0,2020,0.6702455282211304,0.1992379873991012,
North Korea,PRK,1998,55.5,20.799999237060547,63.900001525878906
North Korea,PRK,2000,24.700000762939453,12.199999809265137,51.0
North Korea,PRK,2002,17.799999237060547,8.699999809265137,44.70000076293945
North Korea,PRK,2004,20.600000381469727,8.5,43.09999847412109
North Korea,PRK,2009,18.799999237060547,5.199999809265137,32.400001525878906
North Korea,PRK,2012,15.199999809265137,4.0,27.899999618530277
North Korea,PRK,2017,9.300000190734863,2.5,19.100000381469727
North Macedonia,MKD,1999,1.899999976158142,1.7000000476837158,8.0
North Macedonia,MKD,2005,1.7999999523162842,3.400000095367432,11.300000190734863
North Macedonia,MKD,2011,1.2999999523162842,1.7999999523162842,4.900000095367432
North Macedonia,MKD,2019,0.8999999761581421,3.400000095367432,4.300000190734863
Oman,OMN,1991,18.600000381469727,7.800000190734863,24.200000762939453
Oman,OMN,1994,10.399999618530272,7.199999809265137,21.100000381469727
Oman,OMN,1999,13.0,7.800000190734863,15.800000190734863
Oman,OMN,2009,8.600000381469727,7.099999904632568,9.800000190734863
Oman,OMN,2014,9.699999809265137,7.5,14.100000381469728
Oman,OMN,2017,11.199999809265137,9.300000190734863,11.399999618530272
Pakistan,PAK,1986,44.400001525878906,24.0,62.5
Pakistan,PAK,1991,38.400001525878906,12.5,53.900001525878906
Pakistan,PAK,1992,35.29999923706055,17.200000762939453,42.70000076293945
Pakistan,PAK,1995,34.20000076293945,,
Pakistan,PAK,2001,31.200000762939453,14.100000381469728,41.400001525878906
Pakistan,PAK,2011,31.399999618530277,14.899999618530272,43.59999847412109
Pakistan,PAK,2013,31.799999237060547,10.5,45.0
Pakistan,PAK,2018,23.100000381469727,7.099999904632568,37.59999847412109
Palestine,PSE,1996,2.5,3.0,7.800000190734863
Palestine,PSE,2000,2.200000047683716,2.0,10.699999809265137
Palestine,PSE,2004,3.299999952316284,3.200000047683716,10.5
Palestine,PSE,2006,2.5999999046325684,1.7999999523162842,13.600000381469728
Palestine,PSE,2010,3.700000047683716,3.299999952316284,10.899999618530272
Palestine,PSE,2014,1.399999976158142,1.2000000476837158,7.400000095367432
Palestine,PSE,2020,2.0999999046325684,1.2999999523162842,8.699999809265137
Panama,PAN,1997,5.0,1.2999999523162842,16.799999237060547
Panama,PAN,2003,5.300000190734863,1.600000023841858,23.700000762939453
Panama,PAN,2008,3.900000095367432,1.2000000476837158,19.0
Panama,PAN,2019,3.0,,15.800000190734863
Papua New Guinea,PNG,1983,22.799999237060547,5.5,46.0
Papua New Guinea,PNG,2005,18.100000381469727,4.400000095367432,43.900001525878906
Papua New Guinea,PNG,2010,27.799999237060547,14.100000381469728,49.5
Paraguay,PRY,1990,2.799999952316284,0.6000000238418579,18.299999237060547
Paraguay,PRY,2005,3.400000095367432,1.100000023841858,17.5
Paraguay,PRY,2012,2.5999999046325684,2.5999999046325684,10.699999809265137
Paraguay,PRY,2016,1.2999999523162842,1.0,5.599999904632568
Peru,PER,1991,8.800000190734863,1.899999976158142,37.29999923706055
Peru,PER,1996,5.699999809265137,1.600000023841858,31.600000381469727
Peru,PER,2000,5.199999809265137,1.100000023841858,31.299999237060547
Peru,PER,2005,5.400000095367432,1.0,29.200000762939453
Peru,PER,2007,4.300000190734863,0.800000011920929,28.0
Peru,PER,2009,4.300000190734863,0.6000000238418579,23.899999618530277
Peru,PER,2010,4.300000190734863,0.699999988079071,23.299999237060547
Peru,PER,2011,4.199999809265137,0.4000000059604645,19.5
Peru,PER,2012,3.400000095367432,0.6000000238418579,18.399999618530277
Peru,PER,2013,3.5999999046325684,0.4000000059604645,17.600000381469727
Peru,PER,2014,3.200000047683716,0.6000000238418579,14.800000190734863
Peru,PER,2015,3.400000095367432,0.6000000238418579,14.699999809265137
Peru,PER,2016,3.200000047683716,0.6000000238418579,13.100000381469728
Peru,PER,2017,3.200000047683716,0.5,12.800000190734863
Peru,PER,2018,2.5999999046325684,0.5,12.199999809265137
Peru,PER,2019,2.400000095367432,0.4000000059604645,12.199999809265137
Philippines,PHL,1987,29.299999237060547,5.699999809265137,44.70000076293945
Philippines,PHL,1990,29.899999618530277,6.900000095367432,43.29999923706055
Philippines,PHL,1992,29.799999237060547,8.800000190734863,40.900001525878906
Philippines,PHL,1993,26.299999237060547,9.100000381469728,38.900001525878906
Philippines,PHL,1998,28.299999237060547,8.0,38.29999923706055
Philippines,PHL,2003,20.700000762939453,6.0,33.79999923706055
Philippines,PHL,2008,20.600000381469727,6.599999904632568,32.0
Philippines,PHL,2011,20.200000762939453,7.0,33.400001525878906
Philippines,PHL,2013,19.899999618530277,7.599999904632568,30.0
Philippines,PHL,2015,21.399999618530277,6.800000190734863,33.099998474121094
Philippines,PHL,2018,19.100000381469727,5.599999904632568,30.299999237060547
Poland,POL,2011,0.699999988079071,0.699999988079071,0.800000011920929
Portugal,PRT,2016,0.4000000059604645,0.6000000238418579,3.200000047683716
Qatar,QAT,1995,4.800000190734863,2.0999999046325684,11.600000381469728
Romania,ROU,1991,5.0,3.299999952316284,11.199999809265137
Romania,ROU,1999,3.400000095367432,3.5999999046325684,15.300000190734863
Romania,ROU,2000,3.700000047683716,4.300000190734863,12.800000190734863
Romania,ROU,2001,3.799999952316284,3.900000095367432,14.0
Romania,ROU,2002,3.5,3.5,12.800000190734863
Rwanda,RWA,1992,24.200000762939453,5.0,56.79999923706055
Rwanda,RWA,1996,22.600000381469727,11.0,45.400001525878906
Rwanda,RWA,2000,20.299999237060547,8.699999809265137,47.900001525878906
Rwanda,RWA,2005,17.899999618530273,4.900000095367432,51.400001525878906
Rwanda,RWA,2009,14.300000190734863,5.099999904632568,46.59999847412109
Rwanda,RWA,2010,11.699999809265137,2.900000095367432,44.29999923706055
Rwanda,RWA,2012,12.0,2.400000095367432,43.79999923706055
Rwanda,RWA,2015,8.899999618530273,2.0,36.900001525878906
Rwanda,RWA,2018,12.600000381469728,2.0,34.79999923706055
Rwanda,RWA,2020,7.699999809265137,1.100000023841858,33.099998474121094
Saint Lucia,LCA,2012,2.799999952316284,3.700000047683716,2.5
Samoa,WSM,1999,1.7000000476837158,1.2999999523162842,6.400000095367432
Samoa,WSM,2014,3.200000047683716,3.900000095367432,4.900000095367432
Samoa,WSM,2019,3.400000095367432,3.0999999046325684,7.300000190734863
Sao Tome and Principe,STP,1986,14.5,6.0,32.0
Sao Tome and Principe,STP,2014,8.800000190734863,4.0,17.200000762939453
Sao Tome and Principe,STP,2019,5.400000095367432,4.099999904632568,11.699999809265137
Saudi Arabia,SAU,1994,13.5,2.900000095367432,21.399999618530277
Saudi Arabia,SAU,2004,5.300000190734863,11.800000190734863,9.300000190734863
Senegal,SEN,1986,17.0,5.099999904632568,26.5
Senegal,SEN,1991,20.399999618530277,9.0,34.400001525878906
Senegal,SEN,1993,19.0,9.399999618530272,29.799999237060547
Senegal,SEN,1996,19.600000381469727,8.199999809265137,28.799999237060547
Senegal,SEN,2000,17.799999237060547,10.0,26.0
Senegal,SEN,2005,14.5,8.699999809265137,19.899999618530277
Senegal,SEN,2011,18.399999618530277,9.800000190734863,26.700000762939453
Senegal,SEN,2012,14.399999618530272,8.699999809265137,15.5
Senegal,SEN,2013,16.700000762939453,9.0,18.799999237060547
Senegal,SEN,2014,12.800000190734863,5.900000095367432,18.799999237060547
Senegal,SEN,2015,16.100000381469727,7.800000190734863,20.700000762939453
Senegal,SEN,2016,13.800000190734863,7.099999904632568,17.100000381469727
Senegal,SEN,2017,14.399999618530272,9.0,16.5
Senegal,SEN,2018,15.100000381469728,7.800000190734863,18.799999237060547
Senegal,SEN,2019,14.399999618530272,8.100000381469727,17.899999618530273
Serbia,SRB,2005,1.7999999523162842,4.5,8.100000381469727
Serbia,SRB,2010,1.600000023841858,3.5,6.599999904632568
Serbia,SRB,2014,1.7999999523162842,3.900000095367432,6.0
Serbia,SRB,2019,1.0,2.5999999046325684,5.400000095367432
Seychelles,SYC,1988,5.0,2.700000047683716,7.699999809265137
Seychelles,SYC,2012,3.5999999046325684,4.300000190734863,7.900000095367432
Sierra Leone,SLE,1989,23.700000762939453,8.399999618530273,41.400001525878906
Sierra Leone,SLE,1990,25.399999618530277,10.199999809265137,40.900001525878906
Sierra Leone,SLE,2000,23.399999618530277,11.600000381469728,35.5
Sierra Leone,SLE,2005,27.200000762939453,10.199999809265137,45.0
Sierra Leone,SLE,2010,18.5,7.5,32.70000076293945
Sierra Leone,SLE,2014,13.0,4.599999904632568,29.100000381469727
Sierra Leone,SLE,2017,13.600000381469728,5.099999904632568,29.299999237060547
Sierra Leone,SLE,2019,13.5,5.400000095367432,29.5
Singapore,SGP,2000,3.299999952316284,3.5999999046325684,4.400000095367432
Solomon Islands,SLB,1989,16.299999237060547,7.400000095367432,33.70000076293945
Solomon Islands,SLB,2007,11.800000190734863,4.300000190734863,32.79999923706055
Solomon Islands,SLB,2015,16.200000762939453,8.5,31.700000762939453
Somalia,SOM,1999,22.799999237060547,19.299999237060547,29.200000762939453
Somalia,SOM,2006,32.79999923706055,13.300000190734863,42.0
Somalia,SOM,2009,22.5,14.300000190734863,25.299999237060547
South Africa,ZAF,1994,8.0,3.299999952316284,28.700000762939453
South Africa,ZAF,1999,9.800000190734863,4.5,30.100000381469727
South Africa,ZAF,2008,8.800000190734863,4.800000190734863,24.899999618530277
South Africa,ZAF,2015,5.099999904632568,3.5,21.399999618530277
South Africa,ZAF,2016,5.900000095367432,2.5,27.399999618530277
South Africa,ZAF,2017,5.5,3.400000095367432,21.399999618530277
South Asia,0,2000,42.87318420410156,,
South Asia,0,2001,42.03219223022461,,
South Asia,0,2002,41.19580078125,,
South Asia,0,2003,40.36445999145508,,
South Asia,0,2004,39.53861999511719,,
South Asia,0,2005,38.71870422363281,,
South Asia,0,2006,37.90513229370117,,
South Asia,0,2007,37.09830474853516,,
South Asia,0,2008,36.298614501953125,,
South Asia,0,2009,35.506431579589844,,
South Asia,0,2010,34.722110748291016,,
South Asia,0,2011,33.94599914550781,,
South Asia,0,2012,33.17841720581055,,
South Asia,0,2013,32.419673919677734,,
South Asia,0,2014,31.67005729675293,,
South Asia,0,2015,30.929840087890625,,
South Asia,0,2016,30.199277877807617,,
South Asia,0,2017,29.47860717773437,,
South Asia,0,2018,28.76804542541504,,
South Asia,0,2019,28.06779670715332,,
South Asia,0,2020,27.37803840637207,14.67344093322754,
South Korea,KOR,2003,0.8999999761581421,0.8999999761581421,2.5
South Korea,KOR,2009,0.699999988079071,1.2000000476837158,2.5
South Sudan,SSD,2006,32.5,24.600000381469727,36.20000076293945
South Sudan,SSD,2010,27.700000762939453,22.700000762939453,31.299999237060547
Sri Lanka,LKA,1987,32.79999923706055,14.899999618530272,32.29999923706055
Sri Lanka,LKA,1993,30.299999237060547,15.0,28.700000762939453
Sri Lanka,LKA,1995,29.299999237060547,15.300000190734863,26.100000381469727
Sri Lanka,LKA,2000,22.899999618530277,15.899999618530272,18.299999237060547
Sri Lanka,LKA,2007,22.100000381469727,15.199999809265137,18.100000381469727
Sri Lanka,LKA,2009,21.600000381469727,11.800000190734863,19.200000762939453
Sri Lanka,LKA,2012,26.100000381469727,21.299999237060547,14.600000381469728
Sri Lanka,LKA,2016,20.5,15.100000381469728,17.299999237060547
Sub-Saharan Africa,0,2000,24.840829849243164,,
Sub-Saharan Africa,0,2001,24.38883399963379,,
Sub-Saharan Africa,0,2002,23.942441940307617,,
Sub-Saharan Africa,0,2003,23.501680374145508,,
Sub-Saharan Africa,0,2004,23.066574096679688,,
Sub-Saharan Africa,0,2005,22.637136459350582,,
Sub-Saharan Africa,0,2006,22.21338653564453,,
Sub-Saharan Africa,0,2007,21.79533576965332,,
Sub-Saharan Africa,0,2008,21.38298797607422,,
Sub-Saharan Africa,0,2009,20.976348876953125,,
Sub-Saharan Africa,0,2010,20.575420379638672,,
Sub-Saharan Africa,0,2011,20.18019676208496,,
Sub-Saharan Africa,0,2012,19.790674209594727,,
Sub-Saharan Africa,0,2013,19.40684127807617,,
Sub-Saharan Africa,0,2014,19.0286865234375,,
Sub-Saharan Africa,0,2015,18.65619468688965,,
Sub-Saharan Africa,0,2016,18.28934860229492,,
Sub-Saharan Africa,0,2017,17.928125381469727,,
Sub-Saharan Africa,0,2018,17.57250213623047,,
Sub-Saharan Africa,0,2019,17.222454071044922,,
Sub-Saharan Africa,0,2020,16.877948760986328,6.15531063079834,
Sudan,SDN,2006,27.0,14.5,38.29999923706055
Sudan,SDN,2010,29.799999237060547,15.399999618530272,34.099998474121094
Sudan,SDN,2014,33.0,16.299999237060547,38.20000076293945
Suriname,SUR,2000,11.100000381469728,7.0,14.100000381469728
Suriname,SUR,2006,7.5,4.900000095367432,10.600000381469728
Suriname,SUR,2010,5.800000190734863,5.0,8.800000190734863
Suriname,SUR,2018,6.699999809265137,5.5,8.300000190734863
Syria,SYR,1993,11.5,10.0,32.79999923706055
Syria,SYR,1995,11.300000190734863,10.399999618530272,26.5
Syria,SYR,2000,6.0,4.900000095367432,24.299999237060547
Syria,SYR,2001,11.5,10.199999809265137,31.700000762939453
Syria,SYR,2006,10.0,10.300000190734863,28.700000762939453
Syria,SYR,2010,10.399999618530272,11.5,27.899999618530277
Tajikistan,TJK,2005,14.899999618530272,8.699999809265137,33.099998474121094
Tajikistan,TJK,2007,15.100000381469728,6.900000095367432,39.29999923706055
Tajikistan,TJK,2009,8.300000190734863,4.300000190734863,28.799999237060547
Tajikistan,TJK,2012,13.300000190734863,9.899999618530272,26.899999618530277
Tajikistan,TJK,2016,6.400000095367432,3.5,19.600000381469727
Tajikistan,TJK,2017,7.599999904632568,5.599999904632568,17.5
Tanzania,TZA,1991,24.799999237060547,7.800000190734863,49.900001525878906
Tanzania,TZA,1996,26.799999237060547,8.5,49.59999847412109
Tanzania,TZA,1999,25.299999237060547,5.599999904632568,48.29999923706055
Tanzania,TZA,2004,16.700000762939453,3.5,44.400001525878906
Tanzania,TZA,2009,16.399999618530273,2.900000095367432,43.20000076293945
Tanzania,TZA,2010,16.100000381469727,4.900000095367432,42.09999847412109
Tanzania,TZA,2011,14.100000381469728,6.199999809265137,35.0
Tanzania,TZA,2013,13.100000381469728,4.400000095367432,37.400001525878906
Tanzania,TZA,2014,13.399999618530272,3.799999952316284,34.70000076293945
Tanzania,TZA,2015,13.699999809265137,4.5,34.5
Tanzania,TZA,2018,14.600000381469728,3.5,31.799999237060547
Thailand,THA,1987,20.200000762939453,5.699999809265137,24.600000381469727
Thailand,THA,1993,16.299999237060547,7.300000190734863,21.100000381469727
Thailand,THA,1995,15.399999618530272,6.699999809265137,18.100000381469727
Thailand,THA,2006,7.0,4.699999809265137,15.699999809265137
Thailand,THA,2012,9.199999809265137,6.699999809265137,16.399999618530273
Thailand,THA,2016,6.699999809265137,5.400000095367432,10.5
Thailand,THA,2019,7.699999809265137,7.699999809265137,13.399999618530272
Timor,TLS,2002,40.59999847412109,13.699999809265137,55.70000076293945
Timor,TLS,2003,41.5,14.300000190734863,54.79999923706055
Timor,TLS,2007,49.5,21.299999237060547,57.20000076293945
Timor,TLS,2009,44.900001525878906,18.899999618530277,57.5
Timor,TLS,2013,37.5,9.899999618530272,51.70000076293945
Togo,TGO,1988,21.700000762939453,5.900000095367432,40.70000076293945
Togo,TGO,1996,16.700000762939453,,40.20000076293945
Togo,TGO,1998,23.799999237060547,12.399999618530272,33.20000076293945
Togo,TGO,2008,20.5,6.0,26.899999618530277
Togo,TGO,2009,16.600000381469727,6.099999904632568,27.0
Togo,TGO,2010,15.100000381469728,4.699999809265137,27.0
Togo,TGO,2012,16.5,5.5,26.200000762939453
Togo,TGO,2014,16.100000381469727,6.599999904632568,27.600000381469727
Togo,TGO,2017,15.199999809265137,5.699999809265137,23.799999237060547
Tonga,TON,2012,1.7999999523162842,5.199999809265137,8.100000381469727
Tonga,TON,2019,0.800000011920929,1.100000023841858,2.200000047683716
Trinidad and Tobago,TTO,1987,6.199999809265137,4.800000190734863,6.300000190734863
Trinidad and Tobago,TTO,2000,4.300000190734863,5.199999809265137,5.300000190734863
Trinidad and Tobago,TTO,2011,4.900000095367432,6.400000095367432,9.199999809265137
Tunisia,TUN,1988,7.900000095367432,3.0999999046325684,18.5
Tunisia,TUN,1997,3.299999952316284,7.199999809265137,11.899999618530272
Tunisia,TUN,2000,3.5,2.900000095367432,16.799999237060547
Tunisia,TUN,2006,3.299999952316284,3.400000095367432,9.0
Tunisia,TUN,2012,2.299999952316284,2.799999952316284,10.100000381469728
Tunisia,TUN,2018,1.600000023841858,2.0999999046325684,8.399999618530273
Turkey,TUR,1993,8.699999809265137,3.900000095367432,23.600000381469727
Turkey,TUR,1995,9.0,,
Turkey,TUR,1998,7.0,3.0,18.799999237060547
Turkey,TUR,2004,3.5,1.100000023841858,15.199999809265137
Turkey,TUR,2008,1.899999976158142,1.0,12.5
Turkey,TUR,2013,2.299999952316284,1.899999976158142,10.0
Turkey,TUR,2018,1.5,1.7000000476837158,6.0
Turkmenistan,TKM,2000,10.5,7.099999904632568,28.100000381469727
Turkmenistan,TKM,2006,9.199999809265137,7.199999809265137,18.899999618530277
Turkmenistan,TKM,2015,3.200000047683716,4.199999809265137,11.5
Turkmenistan,TKM,2019,3.0999999046325684,4.099999904632568,7.199999809265137
Tuvalu,TUV,2007,1.600000023841858,3.299999952316284,10.0
Uganda,UGA,1988,19.700000762939453,3.0999999046325684,47.70000076293945
Uganda,UGA,1995,20.799999237060547,5.900000095367432,45.70000076293945
Uganda,UGA,2000,19.200000762939453,5.0,44.900001525878906
Uganda,UGA,2006,16.299999237060547,6.199999809265137,38.400001525878906
Uganda,UGA,2009,15.699999809265137,4.400000095367432,38.20000076293945
Uganda,UGA,2011,14.100000381469728,4.599999904632568,33.5
Uganda,UGA,2012,11.899999618530272,4.199999809265137,33.70000076293945
Uganda,UGA,2014,11.699999809265137,3.799999952316284,34.0
Uganda,UGA,2016,10.399999618530272,3.5,28.899999618530277
Ukraine,UKR,2000,4.099999904632568,8.199999809265137,22.899999618530277
United States,USA,1991,0.800000011920929,0.5,3.0999999046325684
United States,USA,2000,1.100000023841858,0.5,3.200000047683716
United States,USA,2002,0.800000011920929,0.3000000119209289,3.0999999046325684
United States,USA,2004,1.2999999523162842,0.699999988079071,2.900000095367432
United States,USA,2006,0.699999988079071,0.8999999761581421,3.0999999046325684
United States,USA,2008,0.699999988079071,0.6000000238418579,2.299999952316284
United States,USA,2010,1.0,0.1000000014901161,2.799999952316284
United States,USA,2012,0.5,0.3000000119209289,2.200000047683716
United States,USA,2014,0.699999988079071,0.3000000119209289,2.400000095367432
United States,USA,2016,1.399999976158142,0.4000000059604645,3.5
United States,USA,2018,0.4000000059604645,0.1000000014901161,3.400000095367432
Upper middle income,0,2000,7.735575199127197,,
Upper middle income,0,2001,7.315683841705322,,
Upper middle income,0,2002,6.916875839233398,,
Upper middle income,0,2003,6.538274765014648,,
Upper middle income,0,2004,6.179020881652832,,
Upper middle income,0,2005,5.838274002075195,,
Upper middle income,0,2006,5.5152130126953125,,
Upper middle income,0,2007,5.20904016494751,,
Upper middle income,0,2008,4.918978691101074,,
Upper middle income,0,2009,4.644278049468994,,
Upper middle income,0,2010,4.384210586547852,,
Upper middle income,0,2011,4.138074398040772,,
Upper middle income,0,2012,3.9051923751831055,,
Upper middle income,0,2013,3.6849124431610103,,
Upper middle income,0,2014,3.4766085147857666,,
Upper middle income,0,2015,3.2796785831451416,,
Upper middle income,0,2016,3.093546152114868,,
Upper middle income,0,2017,2.917658805847168,,
Upper middle income,0,2018,2.7514877319335938,,
Upper middle income,0,2019,2.5945277214050293,,
Upper middle income,0,2020,2.446296215057373,2.1311206817626958,
Uruguay,URY,1987,6.5,,21.0
Uruguay,URY,1999,4.699999809265137,2.299999952316284,12.800000190734863
Uruguay,URY,2002,5.400000095367432,2.400000095367432,14.699999809265137
Uruguay,URY,2003,5.099999904632568,2.799999952316284,15.800000190734863
Uruguay,URY,2004,6.0,3.0,13.899999618530272
Uruguay,URY,2007,4.199999809265137,2.5,10.800000190734863
Uruguay,URY,2011,4.0,1.2999999523162842,10.699999809265137
Uruguay,URY,2013,1.2000000476837158,1.0,5.0
Uruguay,URY,2016,3.200000047683716,0.699999988079071,10.800000190734863
Uruguay,URY,2018,1.7999999523162842,1.399999976158142,6.900000095367432
Uzbekistan,UZB,1996,13.300000190734863,10.699999809265137,39.5
Uzbekistan,UZB,2002,7.400000095367432,9.0,24.899999618530277
Uzbekistan,UZB,2006,4.400000095367432,4.400000095367432,19.600000381469727
Uzbekistan,UZB,2017,2.900000095367432,1.7999999523162842,10.800000190734863
Vanuatu,VUT,1996,10.600000381469728,6.800000190734863,25.700000762939453
Vanuatu,VUT,2008,11.5,5.900000095367432,25.700000762939453
Vanuatu,VUT,2013,11.699999809265137,4.699999809265137,28.899999618530277
Venezuela,VEN,1987,3.900000095367432,2.200000047683716,7.0
Venezuela,VEN,1990,6.699999809265137,5.699999809265137,18.600000381469727
Venezuela,VEN,1991,5.400000095367432,4.5,18.200000762939453
Venezuela,VEN,1992,4.5,4.300000190734863,18.299999237060547
Venezuela,VEN,1993,4.0,4.0,17.399999618530273
Venezuela,VEN,1994,3.900000095367432,3.799999952316284,17.899999618530273
Venezuela,VEN,1995,4.099999904632568,3.799999952316284,18.899999618530277
Venezuela,VEN,1996,4.400000095367432,3.799999952316284,19.299999237060547
Venezuela,VEN,1997,4.5,3.799999952316284,19.899999618530277
Venezuela,VEN,1998,4.599999904632568,4.400000095367432,19.200000762939453
Venezuela,VEN,1999,4.099999904632568,4.0,18.299999237060547
Venezuela,VEN,2000,3.900000095367432,3.900000095367432,17.399999618530273
Venezuela,VEN,2001,4.0,4.400000095367432,17.299999237060547
Venezuela,VEN,2002,4.199999809265137,4.800000190734863,17.600000381469727
Venezuela,VEN,2003,4.599999904632568,5.199999809265137,17.700000762939453
Venezuela,VEN,2004,4.5,5.199999809265137,17.100000381469727
Venezuela,VEN,2005,4.099999904632568,4.800000190734863,16.200000762939453
Venezuela,VEN,2006,3.900000095367432,4.800000190734863,16.200000762939453
Venezuela,VEN,2007,3.700000047683716,5.0,15.600000381469728
Venezuela,VEN,2008,3.200000047683716,4.5,14.600000381469728
Venezuela,VEN,2009,2.900000095367432,4.099999904632568,13.399999618530272
Vietnam,VNM,1988,40.70000076293945,11.100000381469728,61.29999923706055
Vietnam,VNM,1993,36.59999847412109,6.699999809265137,61.5
Vietnam,VNM,1994,40.59999847412109,13.5,52.5
Vietnam,VNM,1998,35.79999923706055,11.899999618530272,42.09999847412109
Vietnam,VNM,1999,31.100000381469727,11.0,43.70000076293945
Vietnam,VNM,2000,26.700000762939453,6.099999904632568,43.20000076293945
Vietnam,VNM,2002,23.399999618530277,8.899999618530273,37.5
Vietnam,VNM,2003,24.600000381469727,10.899999618530272,35.400001525878906
Vietnam,VNM,2004,23.799999237060547,11.300000190734863,33.70000076293945
Vietnam,VNM,2005,22.700000762939453,10.699999809265137,33.20000076293945
Vietnam,VNM,2006,22.100000381469727,9.899999618530272,31.799999237060547
Vietnam,VNM,2007,22.600000381469727,10.100000381469728,32.20000076293945
Vietnam,VNM,2008,20.200000762939453,9.699999809265137,30.5
Vietnam,VNM,2009,17.5,7.099999904632568,29.299999237060547
Vietnam,VNM,2010,11.699999809265137,4.099999904632568,22.700000762939453
Vietnam,VNM,2011,16.799999237060547,6.599999904632568,27.5
Vietnam,VNM,2012,16.200000762939453,6.699999809265137,26.700000762939453
Vietnam,VNM,2013,15.300000190734863,6.599999904632568,25.899999618530277
Vietnam,VNM,2014,14.5,6.800000190734863,24.899999618530277
Vietnam,VNM,2015,14.100000381469728,6.400000095367432,24.600000381469727
Vietnam,VNM,2016,13.800000190734863,,24.299999237060547
Vietnam,VNM,2017,13.399999618530272,5.800000190734863,23.799999237060547
World,OWID_WRL,2000,20.484285354614254,,
World,OWID_WRL,2001,19.992881774902344,,
World,OWID_WRL,2002,19.57118797302246,,
World,OWID_WRL,2003,19.20275115966797,,
World,OWID_WRL,2004,18.833635330200195,,
World,OWID_WRL,2005,18.425701141357425,,
World,OWID_WRL,2006,18.011287689208984,,
World,OWID_WRL,2007,17.573076248168945,,
World,OWID_WRL,2008,17.115339279174805,,
World,OWID_WRL,2009,16.655920028686523,,
World,OWID_WRL,2010,16.205081939697266,,
World,OWID_WRL,2011,15.750083923339844,,
World,OWID_WRL,2012,15.304834365844728,,
World,OWID_WRL,2013,14.87566375732422,,
World,OWID_WRL,2014,14.471151351928713,,
World,OWID_WRL,2015,14.097232818603516,,
World,OWID_WRL,2016,13.732595443725586,,
World,OWID_WRL,2017,13.416058540344238,,
World,OWID_WRL,2018,13.13318157196045,,
World,OWID_WRL,2019,12.86429214477539,,
World,OWID_WRL,2020,12.59768772125244,6.69022798538208,
Yemen,YEM,1991,29.899999618530277,14.100000381469728,50.400001525878906
Yemen,YEM,1996,34.20000076293945,17.399999618530273,50.400001525878906
Yemen,YEM,1997,43.0,16.5,55.20000076293945
Yemen,YEM,2003,45.29999923706055,15.300000190734863,57.29999923706055
Yemen,YEM,2005,36.70000076293945,13.800000190734863,57.0
Yemen,YEM,2011,35.5,13.300000190734863,46.59999847412109
Yemen,YEM,2013,39.900001525878906,16.399999618530273,46.400001525878906
Zambia,ZMB,1992,21.200000762939453,6.300000190734863,46.29999923706055
Zambia,ZMB,1996,19.600000381469727,5.300000190734863,48.59999847412109
Zambia,ZMB,1999,19.600000381469727,5.0,59.20000076293945
Zambia,ZMB,2002,23.200000762939453,6.199999809265137,52.5
Zambia,ZMB,2007,14.899999618530272,5.599999904632568,45.79999923706055
Zambia,ZMB,2013,14.899999618530272,6.199999809265137,40.0
Zambia,ZMB,2018,11.800000190734863,4.199999809265137,34.599998474121094
Zimbabwe,ZWE,1987,10.5,,
Zimbabwe,ZWE,1988,8.0,1.7000000476837158,31.0
Zimbabwe,ZWE,1994,11.800000190734863,5.300000190734863,28.5
Zimbabwe,ZWE,1999,11.5,8.300000190734863,33.79999923706055
Zimbabwe,ZWE,2005,14.0,7.199999809265137,35.29999923706055
Zimbabwe,ZWE,2009,11.699999809265137,2.400000095367432,35.099998474121094
Zimbabwe,ZWE,2010,10.199999809265137,3.200000047683716,32.20000076293945
Zimbabwe,ZWE,2014,11.199999809265137,3.200000047683716,27.600000381469727
Zimbabwe,ZWE,2015,8.5,3.299999952316284,27.100000381469727
Zimbabwe,ZWE,2019,9.699999809265137,2.900000095367432,23.5
